,RMSE,MAE,R2
Prophet,50.585817870775536,46.69862817686416,-1.1780582188973057
ARIMA,41.71127154957149,24.253246183660053,-0.4808763271754466
LSTM,39.57304776031382,22.476769341362846,-0.3329410116553795
Ensemble,34.10718816244577,29.700529202155494,0.009843674427032822
